[{"family":"MaterialIcons","fonts":[{"asset":"fonts/MaterialIcons-Regular.otf"}]},{"family":"packages/cupertino_icons/CupertinoIcons","fonts":[{"asset":"packages/cupertino_icons/assets/CupertinoIcons.ttf"}]},{"family":"packages/material_design_icons_flutter/Material Design Icons","fonts":[{"asset":"packages/material_design_icons_flutter/lib/fonts/materialdesignicons-webfont.ttf"}]},{"family":"packages/syncfusion_flutter_datagrid/UnsortIcon","fonts":[{"asset":"packages/syncfusion_flutter_datagrid/assets/font/UnsortIcon.ttf"}]},{"family":"packages/syncfusion_flutter_datagrid/FilterIcon","fonts":[{"asset":"packages/syncfusion_flutter_datagrid/assets/font/FilterIcon.ttf"}]}]