{
  "canales": [
    {
      "id": "1",
      "nombre": "AUTOSERVICIOS",
      "cadenas": [
        {
          "id": "1",
          "nombre": "EL ROSADO",
          "formatos": [
            {
              "id": "1",
              "nombre": "HYPERMARKET LARGE",
              "locales": [
                {
                  "id": "1",
                  "nombre": "HYPER DORADO"
                },
                {
                  "id": "2",
                  "nombre": "HYPER NORTE"
                },
                {
                  "id": "3",
                  "nombre": "HYPER COSTA"
                },
                {
                  "id": "4",
                  "nombre": "HYPER SUR"
                },
                {
                  "id": "5",
                  "nombre": "RIOCENTRO CEIBOS"
                },
                {
                  "id": "6",
                  "nombre": "HIPER VIA DAULE"
                },
                {
                  "id": "7",
                  "nombre": "HIPER 6 DE DICIEMBRE"
                },
                {
                  "id": "8",
                  "nombre": "DORADO"
                }
              ]
            },
            {
              "id": "2",
              "nombre": "HYPERMARKET MEDIUM",
              "locales": [
                {
                  "id": "1",
                  "nombre": "HIPER MILAGRO"
                },
                {
                  "id": "2",
                  "nombre": "HIPER BABAHOYO"
                },
                {
                  "id": "3",
                  "nombre": "HIPER BALLENITA"
                },
                {
                  "id": "4",
                  "nombre": "HIPER BAHIA"
                },
                {
                  "id": "5",
                  "nombre": "HIPER PRENSA"
                },
                {
                  "id": "6",
                  "nombre": "HIPER ELOY ALFARO"
                },
                {
                  "id": "7",
                  "nombre": "HIPER PUNTILLA"
                },
                {
                  "id": "8",
                  "nombre": "AVENA"
                }
              ]
            },
            {
              "id": "3",
              "nombre": "MI COMISARIATO LARGE",
              "locales": [
                {
                  "id": "1",
                  "nombre": "COMI CENTRO"
                },
                {
                  "id": "2",
                  "nombre": "PUNTILLA"
                }
              ]
            },
            {
              "id": "4",
              "nombre": "MI COMISARIATO MEDIUM",
              "locales": [
                {
                  "id": "1",
                  "nombre": "COMI YAGUACHI"
                },
                {
                  "id": "2",
                  "nombre": "MICO JIPIJAPA"
                },
                {
                  "id": "3",
                  "nombre": "MICO AMERICA"
                },
                {
                  "id": "4",
                  "nombre": "COMI ALBORADA"
                },
                {
                  "id": "5",
                  "nombre": "COMI PLAZA QUIL"
                },
                {
                  "id": "6",
                  "nombre": "COMI GARZOTA"
                },
                {
                  "id": "7",
                  "nombre": "CENTRO"
                }
              ]
            },
            {
              "id": "4",
              "nombre": "MI COMISARIATO SMALL",
              "locales": [
                {
                  "id": "1",
                  "nombre": "MICO MANTA JUNIOR"
                },
                {
                  "id": "2",
                  "nombre": "COMI CALIFORNIA"
                },
                {
                  "id": "3",
                  "nombre": "PORTETE"
                }
              ]
            }
          ]
        },
        {
          "id": "2",
          "nombre": "LA FAVORITA",
          "formatos": [
            {
              "id": "1",
              "nombre": "MEGAMAXI",
              "locales": [
                {
                  "id": "1",
                  "nombre": "EL PORTAL UIO"
                },
                {
                  "id": "2",
                  "nombre": "MEGAMAXI SCALA"
                }
              ]
            },
            {
              "id": "2",
              "nombre": "SUPERMAXI",
              "locales": [
                {
                  "id": "1",
                  "nombre": "JARDIN UIO"
                },
                {
                  "id": "2",
                  "nombre": "EL BOSQUE"
                }
              ]
            },
            {
              "id": "3",
              "nombre": "GRAN AKI",
              "locales": [
                {
                  "id": "1",
                  "nombre": "MOLINEROS"
                },
                {
                  "id": "2",
                  "nombre": "GRAN AKI SOLANDA"
                }
              ]
            },
            {
              "id": "4",
              "nombre": "SUPER AKI",
              "locales": [
                {
                  "id": "1",
                  "nombre": "TUMBACO"
                }
              ]
            },
            {
              "id": "5",
              "nombre": "AKI SUPER DESPENSA",
              "locales": [
                {
                  "id": "1",
                  "nombre": "CALDERON"
                },
                {
                  "id": "2",
                  "nombre": "DESPENSA AKI MACHALA"
                },
                {
                  "id": "3",
                  "nombre": "AKI MUCHO LOTE"
                }
              ]
            }
          ]
        },
        {
          "id": "3",
          "nombre": "TIA",
          "formatos": [
            {
              "id": "1",
              "nombre": "HYPERMARKET LARGE",
              "locales": [
                {
                  "id": "1",
                  "nombre": "PLAZA TIA - LA JOYA"
                },
                {
                  "id": "2",
                  "nombre": "LA LUZ"
                }
              ]
            },
            {
              "id": "2",
              "nombre": "HYPERMARKET MEDIUM",
              "locales": [
                {
                  "id": "1",
                  "nombre": "TIA LUQUE"
                },
                {
                  "id": "2",
                  "nombre": "TIA CUMBAYA"
                }
              ]
            },
            {
              "id": "3",
              "nombre": "MI COMISARIATO LARGE",
              "locales": [
                {
                  "id": "1",
                  "nombre": "TIA EXPRESS"
                },
                {
                  "id": "2",
                  "nombre": "SAUCES 5"
                }
              ]
            },
            {
              "id": "4",
              "nombre": "MI COMISARIATO MEDIUM",
              "locales": [
                {
                  "id": "1",
                  "nombre": "MAS AHORRO"
                }
              ]
            }
          ]
        },
        {
          "id": "4",
          "nombre": "MSM",
          "formatos": [
            {
              "id": "1",
              "nombre": "CLUSTER A (CENTROS COMERCIALES)",
              "locales": [
                {
                  "id": "1",
                  "nombre": "OFELIA"
                },
                {
                  "id": "2",
                  "nombre": "CONDADO"
                },
                {
                  "id": "3",
                  "nombre": "SANTA RITA"
                }
              ]
            },
            {
              "id": "2",
              "nombre": "CLUSTER B (MEDIANO)",
              "locales": [
                {
                  "id": "1",
                  "nombre": "6 DE DICIEMBRE"
                },
                {
                  "id": "2",
                  "nombre": "LA LUZ"
                }
              ]
            },
            {
              "id": "3",
              "nombre": "CLUSTER C (PEQUENO)",
              "locales": [
                {
                  "id": "1",
                  "nombre": "NACIONES UNIDAS"
                }
              ]
            }
          ]
        },
        {
          "id": "5",
          "nombre": "CORAL",
          "formatos": [
            {
              "id": "1",
              "nombre": "HYPERMARKET LARGE",
              "locales": [
                {
                  "id": "1",
                  "nombre": "CORAL - SAMBORONDON"
                }
              ]
            },
            {
              "id": "2",
              "nombre": "HYPERMARKET MEDIUM",
              "locales": [
                {
                  "id": "1",
                  "nombre": "CORAL - LA Y"
                }
              ]
            },
            {
              "id": "2",
              "nombre": "HYPERMARKET CLUSTER A",
              "locales": [
                {
                  "id": "1",
                  "nombre": "MAGDALENA"
                }
              ]
            },
            {
              "id": "2",
              "nombre": "SUPERMERCADO CLUSTER B",
              "locales": [
                {
                  "id": "1",
                  "nombre": "10 DE AGOSTO"
                }
              ]
            }
          ]
        }
      ]
    },
    {
      "id": "2",
      "nombre": "FARMACIAS",
      "cadenas": [
        {
          "id": "1",
          "nombre": "PHARMACYS",
          "formatos": [
            {
              "id": "1",
              "nombre": "AUTOSERVICIO",
              "locales": [
                {
                  "id": "1",
                  "nombre": "PHARMACYS URDESA"
                }
              ]
            }
          ]
        },
        {
          "id": "2",
          "nombre": "CRUZ AZUL",
          "formatos": [
            {
              "id": "1",
              "nombre": "AUTOSERVICIO",
              "locales": [
                {
                  "id": "1",
                  "nombre": "AUTOSERVICIO"
                }
              ]
            },
            {
              "id": "2",
              "nombre": "COUNTER",
              "locales": [
                {
                  "id": "1",
                  "nombre": "COUNTER"
                }
              ]
            }
          ]
        },
        {
          "id": "3",
          "nombre": "FYBECA",
          "formatos": [
            {
              "id": "1",
              "nombre": "AUTOSERVICIO",
              "locales": [
                {
                  "id": "1",
                  "nombre": "FYBECA BATAN"
                }
              ]
            }
          ]
        },
        {
          "id": "4",
          "nombre": "SANA SANA",
          "formatos": [
            {
              "id": "1",
              "nombre": "AUTOSERVICIO",
              "locales": [
                {
                  "id": "1",
                  "nombre": "SANA SANA MADRID"
                }
              ]
            },
            {
              "id": "2",
              "nombre": "COUNTER",
              "locales": [
                {
                  "id": "1",
                  "nombre": "COUNTER"
                }
              ]
            }
          ]
        },
        {
          "id": "5",
          "nombre": "MEDICITY",
          "formatos": [
            {
              "id": "1",
              "nombre": "AUTOSERVICIO",
              "locales": [
                {
                  "id": "1",
                  "nombre": "MEDICITY PLAZA DE TOROS"
                }
              ]
            }
          ]
        },
        {
          "id": "6",
          "nombre": "ECONOMICAS",
          "formatos": [
            {
              "id": "1",
              "nombre": "AUTOSERVICIO",
              "locales": [
                {
                  "id": "1",
                  "nombre": "ECONOMICAS EL QUINCHE"
                }
              ]
            },
            {
              "id": "1",
              "nombre": "COUNTER",
              "locales": [
                {
                  "id": "1",
                  "nombre": "COUNTER"
                }
              ]
            }
          ]
        }
      ]
    },
    {
      "id": "3",
      "nombre": "AASS B",
      "cadenas": [
        {
          "id": "1",
          "nombre": "AVICOLA",
          "formatos": [
            {
              "id": "1",
              "nombre": "GENERAL",
              "locales": [
                {
                  "id": "1",
                  "nombre": "GENERAL"
                }
              ]
            }
          ]
        },
        {
          "id": "2",
          "nombre": "ESPANOLA",
          "formatos": [
            {
              "id": "1",
              "nombre": "GENERAL",
              "locales": [
                {
                  "id": "1",
                  "nombre": "GENERAL"
                }
              ]
            }
          ]
        },
        {
          "id": "2",
          "nombre": "DEL PORTAL",
          "formatos": [
            {
              "id": "1",
              "nombre": "GENERAL",
              "locales": [
                {
                  "id": "1",
                  "nombre": "GENERAL"
                }
              ]
            }
          ]
        },
        {
          "id": "2",
          "nombre": "NELSON MARKET",
          "formatos": [
            {
              "id": "1",
              "nombre": "GENERAL",
              "locales": [
                {
                  "id": "1",
                  "nombre": "GENERAL"
                }
              ]
            }
          ]
        }
      ]
    },
    {
      "id": "4",
      "nombre": "TDC",
      "cadenas": [
        {
          "id": "1",
          "nombre": "MOBIL",
          "formatos": [
            {
              "id": "1",
              "nombre": "GENERAL",
              "locales": [
                {
                  "id": "1",
                  "nombre": "GENERAL"
                }
              ]
            }
          ]
        },
        {
          "id": "1",
          "nombre": "PRIMAX",
          "formatos": [
            {
              "id": "1",
              "nombre": "GENERAL",
              "locales": [
                {
                  "id": "1",
                  "nombre": "GENERAL"
                }
              ]
            }
          ]
        },
        {
          "id": "1",
          "nombre": "OKI OKI",
          "formatos": [
            {
              "id": "1",
              "nombre": "GENERAL",
              "locales": [
                {
                  "id": "1",
                  "nombre": "GENERAL"
                }
              ]
            }
          ]
        }
      ]
    },
    {
      "id": "4",
      "nombre": "TRADICIONAL",
      "cadenas": [
        {
          "id": "1",
          "nombre": "TRADICIONAL",
          "formatos": [
            {
              "id": "1",
              "nombre": "PEQUENA",
              "locales": [
                {
                  "id": "1",
                  "nombre": "TT PEQUENA"
                }
              ]
            },
            {
              "id": "1",
              "nombre": "MEDIANO",
              "locales": [
                {
                  "id": "1",
                  "nombre": "TT MEDIANO"
                }
              ]
            }
          ]
        }
      ]
    }
  ]
}